{"cameraMode":{"drawMode":0,"name":"Shaded","section":"Shading Mode"},"sceneLighting":false,"audioPlay":false,"sceneViewState":{"showFog":true,"showMaterialUpdate":false,"showSkybox":false,"showFlares":true,"showImageEffects":true,"showParticleSystems":true},"in2DMode":false,"pivot":{"x":-0.1188349723815918,"y":-0.003680586814880371,"z":2.6170101165771486},"rotation":{"x":0.38652536273002627,"y":0.3565349876880646,"z":-0.16515882313251496,"w":0.8343943357467651},"size":1.299038052558899,"orthographic":false}