{"cameraMode":{"drawMode":0,"name":"Shaded","section":"Shading Mode"},"sceneLighting":true,"audioPlay":false,"sceneViewState":{"showFog":true,"showMaterialUpdate":false,"showSkybox":true,"showFlares":true,"showImageEffects":true,"showParticleSystems":true},"in2DMode":false,"pivot":{"x":8.557536125183106,"y":12.6436767578125,"z":5.108534336090088},"rotation":{"x":0.3526204228401184,"y":0.08155889064073563,"z":-0.030865008011460305,"w":0.9316997528076172},"size":4.8323163986206059,"orthographic":false}